-- book

-- 시/에세이
insert into book (book_id, title, author, publisher, published_year, genre) values
('a1', '시인의 밥상', '김시인', '문학과나무', 2012, '시/에세이'),
('a2', '다시 문학생활로', '박문학', '이화출판', 2015, '시/에세이'),
('a3', '시로 건축을 짓다', '이건축', '건설북스', 2020, '시/에세이'),
('a4', '꽃반딧불이', '정꽃이', '밤별출판사', 2011, '시/에세이'),
('a5', '꿈꾸는 버마재비', '윤꿈결', '이화출판', 2023, '시/에세이'),
('a6', '삶의 모자이크', '한모자', '예문사', 2017, '시/에세이'),
('a7', '죽는 공부', '장명상', '마음출판', 2021, '시/에세이'),
('a8', '홍진', '홍진', '홍출판사', 2014, '시/에세이'),
('a9', '우리는 연인 4', '서연인', '로맨스북', 2019, '시/에세이'),
('a10', '무재봉 연가', '무봉', '연가출판사', 2016, '시/에세이'),
('a11', '큐새의 일일', '큐새', '이화출판', 2018, '시/에세이'),
('a12', '밤이 무섭냐', '이밤', '공포북스', 2022, '시/에세이'),
('a13', '참회', '김회개', '영혼의책', 2010, '시/에세이'),
('a14', '시인의 아내', '시인아내', '문예출판', 2013, '시/에세이'),
('a15', '내가 지금, 여기', '현지금', '현대문학', 2024, '시/에세이'),
('a16', '내버려두기', '방관자', '느린책', 2011, '시/에세이'),
('a17', '다솔의 변주곡', '김다솔', '음표출판', 2015, '시/에세이'),
('a18', '저녁의 배꼽', '배꼽', '이화출판', 2023, '시/에세이'),
('a19', '반송역사', '역사반', '역사관', 2020, '시/에세이'),
('a20', '낮의 뜬 달', '달낮', '우주출판', 2018, '시/에세이');

-- 자기계발
insert into book (book_id, title, author, publisher, published_year, genre) values
('b1', '진짜의 마인드', '정진짜', '성장북스', 2016, '자기계발'),
('b2', '제1원칙 사고', '원칙이', '퍼스트출판', 2022, '자기계발'),
('b3', '고로 존재한다', '존재철학', '이화출판', 2010, '자기계발'),
('b4', '안다는 착각', '이안다', '지식의숲', 2021, '자기계발'),
('b5', '기획의 말들', '기획가', '말과생각', 2019, '자기계발'),
('b6', '도망칠 용기', '용기도망', '용기북스', 2015, '자기계발'),
('b7', '퀀텀점프', '양자도약', '퀀텀출판', 2013, '자기계발'),
('b8', '코어 씽킹', '심사숙고', '코어북스', 2014, '자기계발'),
('b9', '거짓말 구분법', '진실판별', '이화출판', 2023, '자기계발'),
('b10', '성공의 기적', '기적남', '성공출판사', 2011, '자기계발'),
('b11', '행복의 언어', '한행복', '마음의소리', 2020, '자기계발'),
('b12', '스토리씽킹', '이야기꾼', '생각의힘', 2024, '자기계발'),
('b13', '관찰자 심리학', '관찰자', '심리북스', 2017, '자기계발'),
('b14', '어른의 느슨함', '성숙한자', '이화출판', 2018, '자기계발'),
('b15', '더 퍼스트', '처음이', '퍼스트출판', 2012, '자기계발');

-- 경제/경영
insert into book (book_id, title, author, publisher, published_year, genre) values
('c1', '공급사슬관리', '공급왕', '경영노트', 2015, '경제/경영'),
('c2', '어쩌다 카페', '카페사장', '창업북스', 2022, '경제/경영'),
('c3', '기업과 사회', '이사회', '이화출판', 2010, '경제/경영'),
('c4', '철학 씽킹', '철학자', '씽킹북스', 2023, '경제/경영'),
('c5', '리더의 덕목', '리더십', '마인드북스', 2017, '경제/경영'),
('c6', '자유의 길', '길위의자유', '진리출판', 2013, '경제/경영'),
('c7', '경제의 역설', '역설이', '이화출판', 2024, '경제/경영'),
('c8', '팁스 233', '투자팁', '스타트북스', 2020, '경제/경영'),
('c9', '도시의 미래', '도시학자', '미래출판', 2019, '경제/경영'),
('c10', '지속가능경영', '지속경영', '이화출판', 2021, '경제/경영'),
('c11', '크립토 디톡스', '암호해독', '크립토북스', 2018, '경제/경영'),
('c12', '돌파 조직', '조직가', '돌파출판', 2012, '경제/경영'),
('c13', '관세전쟁', '무역전문가', '전략출판사', 2016, '경제/경영'),
('c14', '세계경제사', '경제학자', '역사북스', 2011, '경제/경영'),
('c15', '현대공기업', '공기업맨', '이화출판', 2014, '경제/경영');

-- 소설
insert into book (book_id, title, author, publisher, published_year, genre) values 
('d1', '달의 아이', '한소설', '문학의집', 2019, '소설'),
('d2', '눈물의 주파수', '정현우', '감성출판', 2021, '소설'),
('d3', '두 번째 인생', '김하나', '이화출판', 2023, '소설'),
('d4', '잃어버린 계절', '박혜림', '봄의서재', 2016, '소설'),
('d5', '그날의 커피', '조민재', '문예출판사', 2014, '소설'),
('d6', '작은 집', '서정은', '청춘북스', 2020, '소설'),
('d7', '바람의 노래', '윤바람', '문학과사람', 2017, '소설'),
('d8', '나무 아래에서', '이재은', '그림책출판', 2013, '소설'),
('d9', '푸른 종이비행기', '장보람', '이화출판', 2022, '소설'),
('d10', '구름을 걷다', '백민서', '한강북스', 2015, '소설'),
('d11', '달빛 아래서', '남서진', '문예사', 2010, '소설'),
('d12', '사랑과 우정 사이', '정가인', '리틀문학', 2018, '소설'),
('d13', '밤의 그림자', '김성우', '심야출판사', 2012, '소설'),
('d14', '기억의 숲', '이서현', '기억출판', 2020, '소설'),
('d15', '비밀 정원', '오유진', '비밀북스', 2021, '소설'),
('d16', '붉은 새벽', '조은비', '새벽출판', 2016, '소설'),
('d17', '너의 이름은', '최유진', '문학당', 2019, '소설'),
('d18', '아홉 번째 여름', '한채은', '이화출판', 2011, '소설'),
('d19', '눈물꽃', '문주현', '감성출판', 2023, '소설'),
('d20', '그림자 연인', '윤채영', '이화출판', 2024, '소설');

-- IT/컴퓨터
insert into book (book_id, title, author, publisher, published_year, genre) values
('e1', '파이썬 마스터', '김코딩', 'IT북스', 2021, 'IT/컴퓨터'),
('e2', '자바의 정석', '남궁성', '도우출판', 2016, 'IT/컴퓨터'),
('e3', '딥러닝 완전 정복', '최AI', '알고리즘북스', 2020, 'IT/컴퓨터'),
('e4', '데이터베이스 시스템', '이DB', '한빛미디어', 2019, 'IT/컴퓨터'),
('e5', 'HTML5+CSS3', '정웹', '웹북스', 2014, 'IT/컴퓨터'),
('e6', '컴퓨터 개론', '장컴퓨터', '이화출판', 2018, 'IT/컴퓨터'),
('e7', 'C 언어 프로그래밍', '한C', '프로그래밍북스', 2010, 'IT/컴퓨터'),
('e8', '알고리즘 탐험', '박지능', '탐험출판사', 2022, 'IT/컴퓨터'),
('e9', '리눅스 입문', '김터미널', '운영체제북스', 2017, 'IT/컴퓨터'),
('e10', '클라우드 컴퓨팅', '최클라우드', '이화출판', 2023, 'IT/컴퓨터'),
('e11', 'AI 윤리와 미래', '윤지능', '미래IT', 2021, 'IT/컴퓨터'),
('e12', '정보보안의 기초', '정보안', '보안출판사', 2015, 'IT/컴퓨터'),
('e13', '네트워크 해부학', '이통신', '네트워크북스', 2012, 'IT/컴퓨터'),
('e14', '자연어처리 따라잡기', '언어AI', '이화출판', 2024, 'IT/컴퓨터'),
('e15', '데이터 분석과 시각화', '김분석', '데이터북스', 2020, 'IT/컴퓨터');

-- 여행
insert into book (book_id, title, author, publisher, published_year, genre) values 
('f1', '혼자 떠나는 유럽', '정여행', '여행북스', 2018, '여행'),
('f2', '일본 소도시 여행', '김소도시', '이화출판', 2022, '여행'),
('f3', '미국 서부 로드트립', '박로드', '로드북스', 2019, '여행'),
('f4', '베트남 느리게 걷기', '이동호', '느린여행', 2020, '여행'),
('f5', '호주 한 달 살기', '윤호주', '라이프북스', 2021, '여행'),
('f6', '터키의 빛', '장빛나', '터키출판', 2015, '여행'),
('f7', '중국 대륙 횡단기', '한중', '동양북스', 2014, '여행'),
('f8', '그리스 여행기', '서그리스', '지중해북스', 2013, '여행'),
('f9', '캐나다 겨울여행', '최설경', '이화출판', 2023, '여행'),
('f10', '스위스 기차여행', '정기차', '유럽북스', 2016, '여행'),
('f11', '세계일주 노트', '유지현', '여행자출판', 2010, '여행'),
('f12', '이탈리아 미식 여행', '장미식', '미식출판', 2022, '여행'),
('f13', '북유럽 감성 투어', '감성작가', '감성북스', 2021, '여행'),
('f14', '서울 골목 탐방기', '도시탐험가', '서울책방', 2018, '여행'),
('f15', '지구 반대편까지', '이환국', '지구출판', 2012, '여행');

-- member

insert into member (member_id, mname, email, phone) values 
(1, '홍길동', '1@ewha.ac.kr', '010-1234-1001'),
(2, '김민지', '2@ewha.ac.kr', '010-1234-1002'),
(3, '이서연', '3@ewha.ac.kr', '010-1234-1003'),
(4, '박지후', '4@ewha.ac.kr', '010-1234-1004'),
(5, '최윤아', '5@ewha.ac.kr', '010-1234-1005'),
(6, '정유진', '6@ewha.ac.kr', '010-1234-1006'),
(7, '한예린', '7@ewha.ac.kr', '010-1234-1007'),
(8, '오서현', '8@ewha.ac.kr', '010-1234-1008'),
(9, '장서윤', '9@ewha.ac.kr', '010-1234-1009'),
(10, '백지민', '10@ewha.ac.kr', '010-1234-1010'),
(11, '강예진', '11@ewha.ac.kr', '010-1234-1011'),
(12, '조하린', '12@ewha.ac.kr', '010-1234-1012'),
(13, '신지우', '13@ewha.ac.kr', '010-1234-1013'),
(14, '문다은', '14@ewha.ac.kr', '010-1234-1014'),
(15, '서하율', '15@ewha.ac.kr', '010-1234-1015'),
(16, '김서현', '16@ewha.ac.kr', '010-1234-1016'),
(17, '이민정', '17@ewha.ac.kr', '010-1234-1017'),
(18, '박하진', '18@ewha.ac.kr', '010-1234-1018'),
(19, '정다은', '19@ewha.ac.kr', '010-1234-1019'),
(20, '최예린', '20@ewha.ac.kr', '010-1234-1020'),
(21, '한지우', '21@ewha.ac.kr', '010-1234-1021'),
(22, '윤수빈', '22@ewha.ac.kr', '010-1234-1022'),
(23, '조윤아', '23@ewha.ac.kr', '010-1234-1023'),
(24, '서예진', '24@ewha.ac.kr', '010-1234-1024'),
(25, '문수아', '25@ewha.ac.kr', '010-1234-1025'),
(26, '강서윤', '26@ewha.ac.kr', '010-1234-1026'),
(27, '배하은', '27@ewha.ac.kr', '010-1234-1027'),
(28, '오지민', '28@ewha.ac.kr', '010-1234-1028'),
(29, '이윤서', '29@ewha.ac.kr', '010-1234-1029'),
(30, '김하율', '30@ewha.ac.kr', '010-1234-1030');

-- loan

insert into loan (loan_id, book_id, member_id, loan_date, return_date) values
(1, 'b9', 1, '2024-05-18', '2024-05-23'),
(2, 'c5', 16, '2024-05-19', '2024-06-05'), -- 연체
(3, 'd12', 3, '2024-06-03', '2024-06-14'),
(4, 'd2', 10, '2024-06-13', '2024-06-30'), -- 연체
(5, 'a8', 8, '2024-06-15', '2024-07-01'), -- 연체
(6, 'b10', 22, '2024-07-01', '2024-07-08'),
(7, 'd6', 30, '2024-07-03', '2024-07-11'),
(8, 'd12', 12, '2024-07-18', '2024-07-25'),
(9, 'c6', 25, '2024-08-02', '2024-08-09'),
(10, 'e4', 10, '2024-08-08', '2024-08-30'), -- 연체
(11, 'd5', 23, '2024-09-02', '2024-09-28'), -- 연체
(12, 'a1', 3, '2024-09-05', '2024-09-15'),
(13, 'a3', 16, '2024-09-06', '2024-09-23'), -- 연체
(14, 'e1', 2, '2024-09-07', '2024-09-13'),
(15, 'f2', 24, '2024-09-11', '2024-09-21'),
(16, 'a15', 10, '2024-09-12', '2024-09-28'), -- 연체
(17, 'd12', 3, '2024-09-15', '2024-09-21'),
(18, 'e9', 1, '2024-09-17', '2024-09-25'),
(19, 'a10', 14, '2024-09-20', '2024-10-10'), -- 연체
(20, 'b10', 5, '2024-09-23', '2024-09-29'),
(21, 'e4', 16, '2024-09-29', '2024-10-04'),
(22, 'e14', 26, '2024-10-01', '2024-10-28'), -- 연체
(23, 'c5', 23, '2024-10-04', '2024-10-20'), -- 연체
(24, 'f4', 3, '2024-10-10', '2024-10-13'),
(25, 'd2', 10, '2024-10-11', '2024-10-29'), -- 연체
(26, 'f2', 15, '2024-10-18', '2024-10-28'),
(27, 'a12', 11, '2024-10-23', '2024-11-04'),
(28, 'd12', 22, '2024-11-02', '2024-12-10'), -- 연체
(29, 'a15', 7, '2024-11-10', '2024-11-20'),
(30, 'f8', 6, '2024-11-17', '2024-11-30'),
(31, 'e4', 25, '2024-12-01', '2024-12-05'),
(32, 'd6', 16, '2024-12-02', '2024-12-27'), -- 연체
(33, 'a8', 12, '2024-12-02', '2024-12-18'), -- 연체
(34, 'a17', 18, '2024-12-08', '2024-12-16'),
(35, 'd5', 27, '2024-12-14', '2024-12-30'), -- 연체
(36, 'd12', 3, '2024-12-18', '2024-12-29'),
(37, 'b9', 8, '2025-01-03', '2025-01-30'), -- 연체
(38, 'b2', 20, '2025-01-14', '2025-01-25'),
(39, 'b13', 21, '2025-01-18', '2025-02-18'), -- 연체
(40, 'c11', 16, '2025-02-04', '2025-02-27'), -- 연체
(41, 'd2', 29, '2025-02-07', '2025-02-27'), -- 연체
(42, 'a1', 12, '2025-02-15', '2025-02-19'),
(43, 'c6', 3, '2025-03-04', '2025-03-27'), -- 연체
(44, 'f15', 17, '2025-03-09', '2025-03-31'), -- 연체
(45, 'c14', 30, '2025-03-14', '2025-03-31'), -- 연체
(46, 'f2', 10, '2025-03-15', '2025-03-31'), -- 연체
(47, 'b10', 16, '2025-04-01', '2025-04-27'), -- 연체
(48, 'e4', 23, '2025-04-07', '2025-04-19'),
(49, 'a15', 1, '2025-04-10', '2025-04-27'), -- 연체
(50, 'd12', 16, '2025-04-19', '2025-04-28');

-- penalty

insert into penalty (penalty_id, loan_id, penalty_date) values 
(1, 2, 3),
(2, 4, 3),
(3, 5, 2),
(4, 10, 8),
(5, 11, 12),
(6, 13, 3), 
(7, 16, 2), 
(8, 19, 6),
(9, 22, 13),
(10, 23, 2), 
(11, 25, 3),
(12, 28, 24), 
(13, 32, 11),
(14, 33, 2), 
(15, 35, 2),
(16, 37, 13),
(17, 39, 17),
(18, 40, 9),
(19, 41, 6),
(20, 43, 9), 
(21, 44, 8),
(22, 45, 3),
(23, 46, 2),
(24, 47, 12),
(25, 49, 3);